{"cameraMode":{"drawMode":0,"name":"Shaded","section":"Shading Mode"},"sceneLighting":true,"audioPlay":false,"sceneViewState":{"m_AlwaysRefresh":false,"showFog":true,"showSkybox":true,"showFlares":true,"showImageEffects":true,"showParticleSystems":true,"showVisualEffectGraphs":true,"m_FxEnabled":true},"in2DMode":false,"pivot":{"x":0.6750822067260742,"y":2.989154815673828,"z":10.525556564331055},"rotation":{"x":0.3136970102787018,"y":-0.2603231370449066,"z":0.08986307680606842,"w":0.9087194204330444},"size":20.863656997680665,"orthographic":false}